merchant_id,vpa,category,state,legal_entity,settlement_account,onboarded_at,chain,is_fraud,scenario,campaign
11019e80dd39,mkifatfi@ibl,fuel,Delhi,ENT00001,SA5b27a23898,2023-08-08T13:21:24,CH4df7ec,0,,
130aa9ed1471,4vbbyip0@okaxis,fuel,Gujarat,ENT00001,SA5b27a23898,2023-02-09T17:03:30,CH4df7ec,0,,
2b1df2de1ae1,ai9f9yky@icici,fuel,Karnataka,ENT00001,SA5b27a23898,2023-10-20T04:06:31,CH4df7ec,0,,
3c193b77845a,5n3ec0f5@okaxis,fuel,Haryana,ENT00001,SA5b27a23898,2023-10-19T13:13:56,CH4df7ec,0,,
1c4cacb31643,9s4i93v4@ybl,kirana,Karnataka,ENT00002,SA2bc0bf69cc,2023-11-20T14:42:35,CH041877,0,,
1924e6045410,6v8a1er3@paytm,kirana,Bihar,ENT00002,SA2bc0bf69cc,2022-12-25T00:29:19,CH041877,0,,
7a182573ac3c,29p2u90r@okaxis,kirana,West Bengal,ENT00002,SA2bc0bf69cc,2022-02-11T14:41:14,CH041877,0,,
2435127c57dd,j6jq91tf@okaxis,kirana,Telangana,ENT00002,SA2bc0bf69cc,2022-11-25T02:58:34,CH041877,0,,
608ccdc7b468,w9fe5t0a@icici,fuel,Kerala,ENT00003,SA39009dd093,2023-05-16T02:10:39,CH275fa4,0,,
1d231eb87bd4,30ejcw44@ibl,fuel,West Bengal,ENT00003,SA39009dd093,2023-05-18T23:13:04,CH275fa4,0,,
51ab2fa34491,piuysrmg@icici,fuel,West Bengal,ENT00003,SA39009dd093,2022-12-13T05:40:00,CH275fa4,0,,
370846b57687,vjo0bnab@icici,fuel,West Bengal,ENT00003,SA39009dd093,2023-05-28T11:56:07,CH275fa4,0,,
37b85d6797f9,plbrnohg@ybl,fuel,Telangana,ENT00003,SA39009dd093,2022-03-04T07:28:34,CH275fa4,0,,
36320b9fe0f5,s3xh6v0j@ybl,kirana,Maharashtra,ENT00004,SA55098dac5b,2021-11-22T09:26:10,CH51dba0,0,,
6a22d8469d8d,31c52mvc@ybl,kirana,Uttar Pradesh,ENT00004,SA55098dac5b,2022-05-17T07:44:07,CH51dba0,0,,
32059f309bb2,lkrik2mh@okaxis,kirana,Gujarat,ENT00004,SA55098dac5b,2022-02-18T00:36:45,CH51dba0,0,,
13a9282d14a1,6grcm4xa@ibl,fuel,West Bengal,ENT00005,SA19fe16e1b8,2022-04-18T01:44:22,CH7caced,0,,
5d17792dc3a4,yg7rdufe@icici,fuel,Karnataka,ENT00005,SA19fe16e1b8,2023-01-10T12:19:08,CH7caced,0,,
7c47b68ce9a7,3tv3p107@okaxis,fuel,Bihar,ENT00005,SA19fe16e1b8,2022-12-18T06:11:21,CH7caced,0,,
22162b3a911e,abktxg44@oksbi,fuel,Tamil Nadu,ENT00005,SA19fe16e1b8,2022-06-10T14:28:53,CH7caced,0,,
490b11fb9f9f,x56krr9g@okaxis,fuel,Tamil Nadu,ENT00005,SA19fe16e1b8,2023-08-07T11:03:02,CH7caced,0,,
250cfbdc5dec,8srrhkza@oksbi,pharmacy,Rajasthan,ENT00006,SA25a62fe78c,2023-03-13T11:52:54,CH3f4c49,0,,
3041c31e6a65,lapssu9f@axl,pharmacy,Rajasthan,ENT00006,SA25a62fe78c,2022-11-04T05:21:26,CH3f4c49,0,,
6b4903140b2c,c8gk1yxr@okaxis,pharmacy,Kerala,ENT00006,SA25a62fe78c,2023-11-29T01:45:32,CH3f4c49,0,,
72ab43763e95,t154fyq8@oksbi,pharmacy,West Bengal,ENT00006,SA25a62fe78c,2023-04-10T22:00:33,CH3f4c49,0,,
46bed01e592b,3mc4591b@oksbi,pharmacy,Rajasthan,ENT00007,SA69059d31d8,2023-04-11T10:22:22,,0,,
3d864d741379,i6ivy6ox@oksbi,pharmacy,Rajasthan,ENT00008,SA69059d31d8,2023-10-28T02:11:06,,0,,
34b4d3a91166,xd8av9c0@icici,kirana,Bihar,ENT00009,SA7cc1b1e2b7,2021-10-07T00:51:48,,0,,
3ea78639d234,gs00xcg4@oksbi,kirana,Bihar,ENT00010,SA7cc1b1e2b7,2022-06-01T02:41:00,,0,,
035550a79ded,lng7qac1@ybl,kirana,Tamil Nadu,ENT00011,SA0ef66d53fb,2022-06-26T14:03:19,,0,,
5faad5e56dfd,ybzuzo7x@ibl,kirana,Tamil Nadu,ENT00012,SA0ef66d53fb,2023-03-12T19:03:30,,0,,
03e525704a4d,z21414kt@ybl,restaurant,Maharashtra,ENT00013,SA75c47161f4,2023-05-29T08:40:58,,0,,
597d96017755,7p3rd8ox@ybl,pharmacy,Maharashtra,ENT00014,SA75c47161f4,2023-03-19T10:11:45,,0,,
41e20e89712f,xv1xrufh@ybl,utility_biller,Tamil Nadu,ENT00015,SA6dbcf46758,2024-03-11T22:19:40,,0,,
0e19297fc850,rxcgjrrm@ibl,kirana,Gujarat,ENT00016,SA0b35be8c2c,2022-12-29T07:24:13,,0,,
45d11774ab5d,0cik04hh@oksbi,online_services,Gujarat,ENT00017,SA6e6276e585,2024-02-21T00:24:25,,0,,
7ad7bdda566d,54r7u0de@paytm,kirana,Rajasthan,ENT00018,SA322e01ca2a,2024-02-23T20:44:51,,0,,
6e73719779d9,6kb7l4lt@paytm,online_services,Haryana,ENT00019,SA00bb2bba1e,2022-05-06T17:09:58,,0,,
655efc0c8f10,y80cr5az@paytm,restaurant,Maharashtra,ENT00020,SA1880298dad,2022-09-28T10:57:12,,0,,
0f0510686293,dtctqszj@axl,subscription,Kerala,ENT00021,SA4594338fb3,2022-02-21T08:40:00,,0,,
41a6e2f583b5,84abhn0a@okaxis,restaurant,West Bengal,ENT00022,SA1f2f62f370,2023-02-23T01:09:17,,0,,
20332b92b91c,oh66vdc3@axl,online_services,Gujarat,ENT00023,SA3f9e16b2a6,2023-07-26T13:28:02,,0,,
19ec0d7367a0,031uk23n@paytm,electronics,Uttar Pradesh,ENT00024,SA41f84bcc51,2022-08-22T10:57:21,,0,,
0d19fafcada7,j4h27i0b@ybl,education,Uttar Pradesh,ENT00025,SA46c8fb0832,2022-10-21T19:41:06,,0,,
2da3f124509f,9boerk82@oksbi,kirana,Uttar Pradesh,ENT00026,SA5b53b71da4,2022-04-18T07:51:42,,0,,
3585b9beaa79,v80347zy@icici,kirana,Rajasthan,ENT00027,SA1dccf73ecf,2022-01-04T02:21:30,,0,,
751ceadfe831,yoyfxena@ybl,kirana,Tamil Nadu,ENT00028,SA2a18013100,2022-08-16T10:57:22,,0,,
75c1e8495d9e,vqc16x7z@axl,kirana,Haryana,ENT00029,SA0894c0d781,2022-06-24T03:24:00,,0,,
2525f0301df6,39rwqlks@paytm,kirana,Uttar Pradesh,ENT00030,SA41928e3a5b,2022-10-19T02:59:55,,0,,
0176a1a01f10,u8h5vpkt@icici,utility_biller,Rajasthan,ENT00031,SA77bed8612e,2023-01-09T15:05:11,,0,,
4e1f2a8866fa,raazlmt6@ybl,travel,Kerala,ENT00032,SA2ef2661c9c,2023-11-03T09:11:31,,0,,
5e0ef347138d,b2wwjiqg@axl,pharmacy,Rajasthan,ENT00033,SA155c9a7878,2024-03-15T03:36:47,,0,,
7b99521e8d62,vhykfloj@paytm,utility_biller,Delhi,ENT00034,SA1b8bed8ffd,2024-02-21T12:52:36,,0,,
09acd6ab3ac6,0xmb1y2r@axl,restaurant,West Bengal,ENT00035,SA71254a0633,2022-04-11T19:32:12,,0,,
11d601015742,nnuatstq@okaxis,utility_biller,Haryana,ENT00036,SA142ab89507,2022-10-03T11:13:13,,0,,
2b1781ab1f24,7hxa91j8@paytm,online_services,Tamil Nadu,ENT00037,SA0817a843eb,2023-11-23T23:48:51,,0,,
244418c4c6fa,0zv3elyi@ybl,restaurant,Kerala,ENT00038,SA49aea490a3,2021-12-31T11:01:45,,0,,
76cd7962dcad,m9lo4zwc@ibl,restaurant,Maharashtra,ENT00039,SA7d27dc4c96,2023-09-10T13:13:54,,0,,
48a5f4e76a41,7mtzwqkf@axl,online_services,Tamil Nadu,ENT00040,SA114a6c2376,2023-08-06T01:52:20,,0,,
6e836fcd1e4d,3svxn1nr@okaxis,online_services,Rajasthan,ENT00041,SA1a984c1bab,2022-03-07T22:45:51,,0,,
0d4a1f2e8b76,mcggbbqq@axl,subscription,Bihar,ENT00042,SA12eff8c9d3,2022-05-22T21:58:45,,0,,
2ed750282fa5,ll2lieu9@ibl,restaurant,Delhi,ENT00043,SA1b46113acb,2022-08-05T09:26:44,,0,,
33716f495608,v6so6ldb@paytm,kirana,Tamil Nadu,ENT00044,SA049d2aa95b,2022-06-11T14:25:55,,0,,
3ffbf483d9c5,hecj0ii5@ybl,travel,Kerala,ENT00045,SA2fabfd35d5,2023-07-27T11:12:49,,0,,
7a6e8dc03255,1rskzrki@ybl,kirana,Telangana,ENT00046,SA08da4a188e,2023-12-28T08:17:31,,0,,
541f714b1ecd,fadqdlm4@ibl,fuel,Tamil Nadu,ENT00047,SA1a5fff6a29,2024-02-18T04:05:56,,0,,
7440e13981f7,z8z6fpna@ybl,travel,Gujarat,ENT00048,SA564c7ef0c0,2024-01-31T19:59:42,,0,,
0cce3dbda79d,3ifvgoz3@oksbi,online_services,Tamil Nadu,ENT00049,SA6d6de0f66a,2023-06-16T01:34:04,,0,,
1c61be1d9107,k9tq7pi2@okaxis,kirana,Delhi,ENT00050,SA04576f90e9,2021-09-25T19:09:00,,0,,
5ded2d78f299,pje6xk52@axl,utility_biller,Rajasthan,ENT00051,SA3202e8502b,2021-09-28T18:11:38,,0,,
1cae7f2928a9,kkcs8sk6@okaxis,kirana,Telangana,ENT00052,SA5100596d80,2024-03-06T12:37:35,,0,,
216f11aafe2f,z2541n1k@paytm,online_services,Maharashtra,ENT00053,SA117ade7139,2023-09-08T18:24:23,,0,,
34994a8b60cd,k8yhogsh@axl,online_services,Telangana,ENT00054,SA4e1c50c953,2021-09-24T22:47:00,,0,,
72f2d4770f62,5uu13md1@icici,restaurant,Haryana,ENT00055,SA554b4b72a3,2024-01-04T22:47:12,,0,,
3fb5a3458070,chcasyhh@ybl,fuel,Telangana,ENT00056,SA4b4f1e4418,2021-10-28T19:42:22,,0,,
3d36ed6c7243,m5t8dtba@icici,kirana,Maharashtra,ENT00057,SA534d99db9f,2022-07-03T22:55:28,,0,,
6a706675422c,9lt4ukhd@paytm,online_services,Karnataka,ENT00058,SA05ca7226f9,2024-03-01T03:17:23,,0,,
56aa72df3ed2,vjbste7d@ibl,electronics,Bihar,ENT00059,SA0102acb831,2022-09-26T14:14:40,,0,,
68abe40692f2,rnqwkdhk@ibl,electronics,Maharashtra,ENT00060,SA4a747f9912,2022-11-02T19:37:12,,0,,
34de8a62bfd9,gbv547rj@ybl,kirana,Bihar,ENT00061,SA7f5af7155d,2022-01-17T23:27:35,,0,,
1de42e7fb820,piwir6ji@ybl,online_services,Kerala,ENT00062,SA73b6556d85,2024-01-28T06:58:28,,0,,
49a6457eb916,jywt0ukp@icici,travel,Maharashtra,ENT00063,SA5afeba516e,2022-04-14T18:29:25,,0,,
105d2c2efd48,vjknoc3x@axl,restaurant,West Bengal,ENT00064,SA7de9315f98,2022-02-03T06:09:56,,0,,
261a63cfb5b1,n5p0imq7@okaxis,kirana,West Bengal,ENT00065,SA242db7cd86,2023-12-22T21:22:07,,0,,
39a0324a1f93,xrsphz58@ybl,kirana,Maharashtra,ENT00066,SA355df85a24,2021-10-26T12:36:57,,0,,
2910947f9388,7mgmzjy3@oksbi,subscription,Maharashtra,ENT00067,SA6ffcb77df8,2022-08-31T12:01:33,,0,,
5ebc5b2787a0,4s47vboy@ybl,education,Kerala,ENT00068,SA5ac48ddfdc,2022-12-30T20:47:43,,0,,
2d2d86429177,pfc4ggpk@paytm,kirana,Karnataka,ENT00069,SA1d24985467,2023-07-25T20:10:18,,0,,
7f2bf77ceac6,tbgz79au@oksbi,kirana,Gujarat,ENT00070,SA1bd850849f,2022-11-08T01:46:59,,0,,
3c922c4a0e16,2fo8ikot@axl,pharmacy,Telangana,ENT00071,SA3b1fe942fa,2023-11-12T06:30:12,,0,,
484b111f0584,3l0s86lh@icici,kirana,Karnataka,ENT00072,SA5e6791eb5e,2023-10-09T13:19:05,,0,,
72aa0e184339,1ztk1osa@okaxis,online_services,Bihar,ENT00073,SA3718bf8230,2022-02-18T16:29:49,,0,,
3327544ef23d,5mpjhd1d@ybl,online_services,Uttar Pradesh,ENT00074,SA20931f0ba5,2023-02-12T02:42:20,,0,,
3bdaff094d2c,ba4eyvpz@okaxis,restaurant,Maharashtra,ENT00075,SA35c8dec983,2021-10-07T04:52:49,,0,,
17d7f349658a,rwxzrgwj@oksbi,kirana,Gujarat,ENT00076,SA40f3f81dfb,2024-03-13T03:39:08,,0,,
3ba62031f416,61dkocte@okaxis,kirana,Telangana,ENT00077,SA303e45f339,2023-01-26T22:08:15,,0,,
51e266317647,noopat7q@icici,subscription,Gujarat,ENT00078,SA5a4e2eebcd,2023-11-09T08:16:19,,0,,
3325397f065c,x8hzwv26@oksbi,pharmacy,Maharashtra,ENT00079,SA7ddf6636c5,2022-09-13T07:27:23,,0,,
295235e3f248,ig08ctbf@paytm,kirana,Rajasthan,ENT00080,SA206e86e9f5,2021-10-22T17:54:04,,0,,
6f17ea22aaac,lp0a0czv@icici,utility_biller,Karnataka,ENT00081,SA5557c7f16a,2023-05-12T08:01:45,,0,,
6120457dcc08,wdlts1zt@ybl,pharmacy,Kerala,ENT00082,SA177deaceae,2021-11-02T09:55:27,,0,,
04dd4d3f029c,lo73693i@axl,kirana,Bihar,ENT00083,SA06ccb62bc3,2023-04-08T13:34:38,,0,,
65761c1e5c93,cam2iq1a@paytm,fuel,Gujarat,ENT00084,SA6e1800f612,2021-11-01T15:39:02,,0,,
54ab5cc33051,2gawgkkv@oksbi,kirana,West Bengal,ENT00085,SA306e0bbc70,2023-09-10T10:26:04,,0,,
312c076c8db2,r6cjtto7@icici,kirana,Maharashtra,ENT00086,SA0f0e192ec8,2022-04-09T08:55:30,,0,,
7b4f58f552e5,o9wk062g@ybl,kirana,Rajasthan,ENT00087,SA7769a12415,2022-09-08T17:54:49,,0,,
5b258f2bb4fe,zvy6it5j@okaxis,kirana,West Bengal,ENT00088,SA34888692ac,2022-09-28T04:20:52,,0,,
48f26f133a7b,gz0wzpu2@oksbi,subscription,Haryana,ENT00089,SA228aaa6a5a,2023-04-16T08:11:08,,0,,
27977f62cde2,70bya3be@ybl,kirana,Maharashtra,ENT00090,SA2c6d3924c5,2021-11-13T02:19:22,,0,,
6dccaf4873a8,l1yuzhp8@oksbi,kirana,Karnataka,ENT00091,SA6104ee98d8,2021-12-15T06:39:35,,0,,
6e0fa78f7f19,voasqlyr@icici,education,Haryana,ENT00092,SA668611d440,2022-05-02T22:52:51,,0,,
1671ca477aaf,mp6eu2id@icici,pharmacy,Telangana,ENT00093,SA06e0f79f89,2022-11-29T00:30:10,,0,,
60bc7adaa545,z658sdtz@ybl,fuel,Maharashtra,ENT00094,SA28cfb47ac7,2021-12-01T20:45:11,,0,,
6fa6be60d585,o38flmbc@oksbi,online_services,Haryana,ENT00095,SA2f29e461af,2023-08-13T04:27:43,,0,,
6d33a7293228,bvjprsti@paytm,subscription,Maharashtra,ENT00096,SA068f32c6bc,2021-11-14T18:08:39,,0,,
513484923021,lvib2xnl@paytm,subscription,Uttar Pradesh,ENT00097,SA604c68c62c,2023-03-29T06:23:36,,0,,
0cc1bcc334dd,1evwoozj@axl,kirana,Delhi,ENT00098,SA10c166be4a,2022-08-18T11:57:19,,0,,
72e959480f37,vxgb34e7@oksbi,electronics,Bihar,ENT00099,SA0f53eef17b,2023-12-15T08:12:09,,0,,
2688aa460455,mocjp0gv@oksbi,online_services,Tamil Nadu,ENT00100,SA764a17ebee,2023-05-29T21:20:12,,0,,
31371099eeb2,u49pq79k@oksbi,kirana,Bihar,ENT00101,SA4cbb28216e,2022-09-02T01:38:51,,0,,
5f75850b0072,5gvm25pw@oksbi,restaurant,Bihar,ENT00102,SA2318986a6c,2023-01-28T09:55:17,,0,,
68da3ef25c9c,xu6wjucw@oksbi,pharmacy,Rajasthan,ENT00103,SA468ba23e6f,2022-11-16T02:24:40,,0,,
52e4d64e3f66,q0kix3w4@icici,education,Kerala,ENT00104,SA0721a03bc5,2023-01-21T01:55:28,,0,,
02c877c08db9,w72ko03s@paytm,online_services,Tamil Nadu,ENT00105,SA2e78dedf90,2023-01-20T22:16:02,,0,,
6b47fba3532f,0onv49vb@paytm,online_services,Bihar,ENT00106,SA795e7e059e,2022-06-02T03:36:15,,0,,
36c4b3a43513,v6r8nw1n@okaxis,kirana,West Bengal,ENT00107,SA1dd49660c2,2024-02-18T09:24:50,,0,,
61902bcaa84d,kox3jsz0@paytm,restaurant,Bihar,ENT00108,SA1b7da2846c,2022-08-23T06:02:50,,0,,
02f0ff9db353,srt2jtsu@ibl,fuel,Kerala,ENT00109,SA563659c870,2023-02-20T23:51:17,,0,,
7b956dc3c6c2,1trdetrn@ybl,kirana,Bihar,ENT00110,SA06e107270a,2024-03-08T07:25:26,,0,,
029ff1e3a11b,uix7qc34@icici,kirana,West Bengal,ENT00111,SA043edf6f1b,2022-04-24T18:56:03,,0,,
2d018c061b08,o9cd8tu6@ybl,online_services,Telangana,ENT00112,SA5d9e5734a0,2022-08-23T16:52:08,,0,,
584e292cae2f,6qhulpk2@icici,kirana,Gujarat,ENT00113,SA776778bb72,2022-06-06T12:02:32,,0,,
6646fee30506,ek5ue0ot@oksbi,utility_biller,Uttar Pradesh,ENT00114,SA643dd0d3f3,2022-05-26T14:46:17,,0,,
4d549aa36696,wms8iv1r@oksbi,pharmacy,Tamil Nadu,ENT00115,SA7892871b13,2022-04-10T12:21:12,,0,,
6e8c491d909c,jokilkro@ybl,electronics,Maharashtra,ENT00116,SA56516dafa6,2023-10-08T16:38:30,,0,,
5db5425b096d,ny9kfz71@ybl,electronics,Haryana,ENT00117,SA1886bf7c44,2023-11-06T11:24:20,,0,,
423c081dd7e5,ewwodwy6@ibl,pharmacy,West Bengal,ENT00118,SA340febf289,2024-02-12T22:16:33,,0,,
1cd9f1477ef8,ltbe1chi@oksbi,kirana,Delhi,ENT00119,SA5b8afb7a0a,2023-06-25T20:29:44,,0,,
151f26bf2d2d,y6pt2n0j@oksbi,travel,Haryana,ENT00120,SA709af03742,2023-06-20T09:20:30,,0,,
58e11180283a,qsibzop7@ibl,restaurant,Gujarat,ENT00121,SA7d18eec9ef,2023-12-09T23:26:03,,0,,
5f8f6b5b2944,6qrsmahj@ibl,online_services,Haryana,ENT00122,SA1ba00f14fb,2024-02-27T23:30:58,,0,,
1a74e147f1e9,ztac0lwf@oksbi,kirana,West Bengal,ENT00123,SA3e3a71fd22,2023-12-07T18:26:17,,0,,
7ee78467b675,9hkxl1h0@paytm,pharmacy,Tamil Nadu,ENT00124,SA550edea8d3,2022-12-27T20:08:38,,0,,
4818964bb9e3,fs1pamf4@oksbi,subscription,Rajasthan,ENT00125,SA559db22a4c,2023-01-10T18:47:24,,0,,
69287c786a0a,pa0ecp33@axl,kirana,Kerala,ENT00126,SA66a1b358e9,2023-10-05T08:20:44,,0,,
647b128845e1,0utnzwej@okaxis,education,Kerala,ENT00127,SA7a43aab572,2024-02-09T21:49:56,,0,,
571bff92a09a,bjfjk6sh@oksbi,fuel,Bihar,ENT00128,SA08f31dd539,2022-06-05T08:59:32,,0,,
3c4acf8af409,wluucyv2@icici,kirana,Kerala,ENT00129,SA21cdd2e693,2022-08-22T10:22:29,,0,,
4398369c0738,nnq8w572@ybl,kirana,Haryana,ENT00130,SA759f67d77a,2024-03-15T03:55:50,,0,,
589d341c6e4b,32g0pg7h@icici,fuel,Maharashtra,ENT00131,SA107846facc,2022-09-12T22:18:36,,0,,
6ebd97a9cc33,bxasdj6r@paytm,kirana,Haryana,ENT00132,SA30ba96e245,2024-01-13T18:35:14,,0,,
1708149fc4a3,btq0t92d@ybl,online_services,Maharashtra,ENT00133,SA493f77ac77,2023-12-16T10:31:16,,0,,
4e0baeb695e5,dj3glm59@ybl,kirana,Karnataka,ENT00134,SA750aff9887,2023-01-02T18:04:34,,0,,
30ea6f83d2fd,91du4nim@ibl,travel,Delhi,ENT00135,SA785bb930ea,2023-11-26T04:49:32,,0,,
60a547ae6f0e,0wj8gz1f@icici,subscription,Rajasthan,ENT00136,SA7f7d8082eb,2023-08-27T22:34:16,,0,,
3240a0130cb3,98nkydq2@axl,kirana,Delhi,ENT00137,SA685d210de4,2023-11-11T18:16:14,,0,,
259561ac179a,gsya2viw@ybl,restaurant,West Bengal,ENT00138,SA1a8fd8261d,2023-01-13T23:04:26,,0,,
0bd21f22596d,r9baq7kb@ibl,fuel,Maharashtra,ENT00139,SA321e08d315,2022-12-16T01:18:27,,0,,
6f5fa5bed003,wpcfaja6@ybl,utility_biller,Haryana,ENT00140,SA777a8fa54b,2023-08-15T15:26:15,,0,,
0d76049654fe,v6vol3ft@ibl,kirana,Uttar Pradesh,ENT00141,SA4e0456d788,2021-10-10T11:07:52,,0,,
66ab8128081e,dzal6q4x@oksbi,electronics,Telangana,ENT00142,SA1c0119023f,2022-07-29T07:24:22,,0,,
272457bded3a,l1lzidgx@paytm,kirana,Karnataka,ENT00143,SA41040ccf1a,2023-03-25T11:46:12,,0,,
35ed52508031,yck1zix6@icici,utility_biller,Tamil Nadu,ENT00144,SA617d5f69fd,2023-02-27T03:38:31,,0,,
04f4e23391c8,d89so78q@axl,travel,Maharashtra,ENT00145,SA78e68731f8,2023-11-15T02:43:52,,0,,
1ba9f0c16952,6y0us6e1@ibl,online_services,Maharashtra,ENT00146,SA74643a5381,2022-06-23T02:34:56,,0,,
77a935f21e4c,po12p41i@oksbi,restaurant,Bihar,ENT00147,SA6905ae503f,2023-01-23T01:59:22,,0,,
609778e6c826,4567uwmp@paytm,travel,Rajasthan,ENT00148,SA580b79d080,2021-10-01T18:35:19,,0,,
27dc4e7ff10f,p2965efn@ibl,travel,Delhi,ENT00149,SA0c8f8258a0,2023-05-27T10:15:04,,0,,
775623428cf4,emkd7xt3@ybl,restaurant,Bihar,ENT00150,SA7148b3fd12,2022-05-04T10:03:25,,0,,
4a83bc732574,vi1lm96l@ybl,utility_biller,Gujarat,ENT00151,SA2880554970,2023-06-07T12:06:35,,0,,
5ffe4c394fd9,ayp8547d@paytm,kirana,Tamil Nadu,ENT00152,SA00e72ecb00,2023-05-15T13:38:05,,0,,
4b358cf542ef,zhl8i2ru@paytm,kirana,Uttar Pradesh,ENT00153,SA1f159141d4,2023-01-08T01:40:23,,0,,
2e0c2e5b791e,tt068xlm@icici,kirana,West Bengal,ENT00154,SA32d399b520,2022-10-30T17:59:59,,0,,
11ec6217b552,6b7hjeox@axl,fuel,Rajasthan,ENT00155,SA6dd2782a8a,2023-07-08T16:57:39,,0,,
7b8a68c1ae9c,or6jd2r9@ibl,utility_biller,Rajasthan,ENT00156,SA79508518c2,2022-01-11T10:08:33,,0,,
79afbc630d0a,4xmce1t2@axl,kirana,Rajasthan,ENT00157,SA402ad92d8c,2022-11-15T12:30:26,,0,,
35b24a0a7b91,7lhqz7me@paytm,online_services,Gujarat,ENT00158,SA41a505603b,2022-10-27T04:38:11,,0,,
2820da547d58,zc1dj376@axl,pharmacy,Haryana,ENT00159,SA3453114e3e,2023-04-01T06:47:16,,0,,
24b19aba616d,et5biqwy@paytm,kirana,Tamil Nadu,ENT00160,SA2c6985d715,2024-02-15T09:24:42,,0,,
6de4370fa107,m3scrjtk@okaxis,electronics,Haryana,ENT00161,SA0beacb8420,2021-12-05T03:19:11,,0,,
76d38dc840de,p93xmh7j@ibl,restaurant,West Bengal,ENT00162,SA24ec58f418,2022-09-20T20:18:38,,0,,
53a56e6693ff,mtkxyhtk@oksbi,kirana,Rajasthan,ENT00163,SA65328f71f8,2023-06-12T12:33:46,,0,,
5b5dd9510e68,x5erho5j@icici,kirana,Uttar Pradesh,ENT00164,SA71f6a1cf85,2023-09-25T00:36:24,,0,,
6f1f52401e67,d20b2j56@ybl,electronics,Telangana,ENT00165,SA0a4f6c3cb1,2023-02-06T16:36:34,,0,,
78e439628e9a,s8onvtz5@ybl,kirana,Kerala,ENT00166,SA62e610bbdd,2023-04-19T18:59:02,,0,,
0e7d0415417b,tn6qkwwt@ybl,kirana,West Bengal,ENT00167,SA4935be5e24,2023-03-01T13:57:00,,0,,
19f710cd5e61,k7ucnt05@ybl,online_services,Gujarat,ENT00168,SA13eb6bc8af,2024-02-20T14:15:02,,0,,
4fa656b4816c,gqfdl4cc@ybl,restaurant,Telangana,ENT00169,SA4eb2943871,2022-11-13T22:46:54,,0,,
6a7bccb8c392,x103ujfr@oksbi,subscription,West Bengal,ENT00170,SA6e322dfb83,2022-06-15T08:14:58,,0,,
2fd2f5adfd0f,46iikiac@ybl,kirana,Telangana,ENT00171,SA4971fc815f,2022-03-26T14:28:42,,0,,
60617c5c5413,jedvwtqg@ybl,fuel,West Bengal,ENT00172,SA1840c5e6bf,2024-02-20T06:39:00,,0,,
3d6e683b6a1c,v2s4m79x@ybl,travel,Haryana,ENT00173,SA64805eb80e,2022-09-17T00:42:55,,0,,
0049d75e1fd4,6mq3gw4a@ybl,pharmacy,Tamil Nadu,ENT00174,SA05797e0453,2024-03-10T07:14:17,,0,,
0d9a63adaba5,v08u7ipz@okaxis,utility_biller,Tamil Nadu,ENT00175,SA72a1906f22,2022-12-21T12:49:44,,0,,
49254e5f5bdb,g01r8w2h@ybl,travel,Kerala,ENT00176,SA58698a5f61,2022-03-25T18:54:53,,0,,
59c5e19c3c05,8zr4yjzq@okaxis,restaurant,Telangana,ENT00177,SA58f980cca5,2023-01-02T00:41:29,,0,,
6f3151ed0252,b160puem@paytm,kirana,Gujarat,ENT00178,SA3d4c3c14c4,2022-12-28T10:03:19,,0,,
6b38e831bd55,ct578qwg@paytm,online_services,Uttar Pradesh,ENT00179,SA7e744910b4,2022-12-25T10:14:19,,0,,
5eb7ddafc9da,jzkbrlpj@axl,fuel,Tamil Nadu,ENT00180,SA2d5cd771d9,2023-07-29T15:18:10,,0,,
67a0390930e5,vu3nipbv@axl,subscription,Haryana,ENT00181,SA470ce42e3f,2023-09-04T19:27:50,,0,,
3e71b8bb8e87,ul2hymcg@axl,education,Karnataka,ENT00182,SA3a4771a626,2022-03-25T08:23:50,,0,,
6fdf521c2b77,w7m4ncyf@paytm,utility_biller,Tamil Nadu,ENT00183,SA2f2bd2be57,2022-12-24T09:52:16,,0,,
161fa4b838ee,1xd7wf3z@icici,restaurant,Kerala,ENT00184,SA0967806789,2022-07-15T05:09:00,,0,,
4da402793760,pkyy7h2m@axl,fuel,Rajasthan,ENT00185,SA1e4fae6222,2022-08-12T17:02:04,,0,,
2354719acee3,r4y4vkx6@icici,kirana,Rajasthan,ENT00186,SA43ff8047da,2023-04-07T16:05:56,,0,,
2a8496b17a5f,rl6mubkn@axl,kirana,Uttar Pradesh,ENT00187,SA28ca74d640,2022-04-12T16:21:01,,0,,
5dcfb922ecad,56r34chp@ybl,kirana,Telangana,ENT00188,SA7edcb67dc1,2022-08-24T14:56:40,,0,,
4403a9bdd3b9,ueq4xici@ybl,online_services,West Bengal,ENT00189,SA4fcd8c4fe6,2023-09-06T19:54:27,,0,,
430ad5801bbc,wvxi9lli@ybl,kirana,West Bengal,ENT00190,SA65edecbaf8,2023-12-10T08:45:59,,0,,
6f262aa79757,viouvyw1@icici,education,Uttar Pradesh,ENT00191,SA670dcf6300,2024-03-16T21:48:11,,0,,
4670f437b6ff,5om78afi@ibl,kirana,Tamil Nadu,ENT00192,SA7d0580f4bd,2023-11-29T14:47:23,,0,,
6ab35d61cd9f,ky48s7ar@paytm,subscription,Telangana,ENT00193,SA68c9c45d4f,2022-05-16T19:50:32,,0,,
0a89e6e8f6ec,9oei90cx@icici,kirana,Uttar Pradesh,ENT00194,SA0f141de5f2,2022-11-26T11:21:34,,0,,
6183158db375,9yljuelp@axl,kirana,Kerala,ENT00195,SA69638a4e1d,2023-02-23T00:09:17,,0,,
5137e17c59b4,ofvily4p@oksbi,kirana,Karnataka,ENT00196,SA0574996a45,2022-11-22T12:29:38,,0,,
5c5d75b1a37a,sa40roq4@oksbi,pharmacy,Bihar,ENT00197,SA68f5a43037,2022-08-06T03:11:18,,0,,
551e3dc6a133,7v1gg073@paytm,online_services,Rajasthan,ENT00198,SA1b62639f3e,2023-05-13T05:53:07,,0,,
3d5a79882e59,97nfo6ql@oksbi,online_services,Bihar,ENT00199,SA70074cb565,2021-11-18T17:29:30,,0,,
721617221966,puhisapk@paytm,online_services,Tamil Nadu,ENT00200,SA4b38da21c2,2022-12-09T17:18:16,,0,,
43bafa75b373,9s0vurfp@ibl,kirana,Rajasthan,ENT00201,SA43aa6a22c8,2022-08-30T12:58:10,,0,,
4b3e6ab45bf2,2ebbsqg4@icici,online_services,Uttar Pradesh,ENT00202,SA3f539a22eb,2023-05-09T06:42:19,,0,,
107ff2ac18f1,kqx3rjxi@ybl,subscription,Bihar,ENT00203,SA698d4cfdf8,2022-07-27T12:48:41,,0,,
2a63fb26a1a9,ozaf2n3a@ybl,fuel,Tamil Nadu,ENT00204,SA0af3a7ef06,2023-08-22T11:09:38,,0,,
24ddd8dc0870,n1j2rrwo@okaxis,education,Telangana,ENT00205,SA6df73ee631,2021-12-14T18:53:47,,0,,
4be9e30d1c52,eefdib72@ybl,kirana,Rajasthan,ENT00206,SA3813381bb0,2022-04-01T21:13:29,,0,,
0cec634c86cd,qjubdq5y@okaxis,kirana,Tamil Nadu,ENT00207,SA15fdecd835,2021-11-16T09:23:19,,0,,
7efc8a710e84,jzchey46@icici,kirana,Uttar Pradesh,ENT00208,SA2d18e142e4,2022-01-08T06:57:21,,0,,
2a95c2f4cd87,5esuwmzf@paytm,education,Kerala,ENT00209,SA2cf617b209,2021-12-19T19:19:51,,0,,
7881ee5d0f66,kxaihrcr@okaxis,online_services,Rajasthan,ENT00210,SA2e2a3b6f48,2024-01-23T03:38:59,,0,,
3e737248b108,g21l4euy@paytm,education,Kerala,ENT00211,SA68a213a809,2023-08-24T08:06:12,,0,,
7c06154da3a1,9kredatn@ibl,pharmacy,Bihar,ENT00212,SA5be6bfb29f,2022-05-14T13:05:12,,0,,
37ef35532bd1,dlcfqf4v@icici,electronics,Rajasthan,ENT00213,SA091cad6503,2022-08-05T09:59:07,,0,,
22ea49616c97,6gdnqn54@icici,subscription,Tamil Nadu,ENT00214,SA1bfd0158ce,2023-04-21T08:44:05,,0,,
0511fee882e4,6efykgih@oksbi,utility_biller,Bihar,ENT00215,SA78f6ebee93,2023-06-07T02:33:40,,0,,
47bd958eff3e,sogd7cga@oksbi,restaurant,Maharashtra,ENT00216,SA3a3eba4e43,2023-11-28T23:21:25,,0,,
5b1ada2b6f1f,p72lttwl@paytm,kirana,Karnataka,ENT00217,SA1006f89088,2021-10-29T03:51:47,,0,,
498135d59beb,40sgchgr@ybl,kirana,Rajasthan,ENT00218,SA2e606d26f7,2021-09-27T01:10:03,,0,,
156a0fdf0229,6xjfy4lc@icici,education,Kerala,ENT00219,SA52fb66a31e,2023-06-21T05:42:08,,0,,
2baf4e7593de,mwde23lv@paytm,subscription,Delhi,ENT00220,SA781df57e67,2023-09-19T06:17:46,,0,,
00ecb18cc018,3nvg9711@paytm,online_services,Telangana,ENT00221,SA7b3f9bead5,2022-03-20T18:25:41,,0,,
1861497082a7,dehodk2l@ybl,online_services,Haryana,ENT00222,SA75742eceff,2023-06-25T07:55:35,,0,,
2e2cc4aca7e9,qjow99e3@icici,fuel,Gujarat,ENT00223,SA10150293bb,2022-06-09T23:23:48,,0,,
7d493d48b208,9zj147ku@icici,subscription,Tamil Nadu,ENT00224,SA13eb279990,2023-10-12T06:31:12,,0,,
0402e549fa09,eqxyysrk@icici,pharmacy,Bihar,ENT00225,SA00e6fbca2b,2022-08-03T18:04:51,,0,,
48e26e5d6932,6nxe9tsr@oksbi,fuel,Rajasthan,ENT00226,SA61fade0b3f,2022-03-24T00:58:32,,0,,
4a83fcc4df60,heahot0a@axl,online_services,Uttar Pradesh,ENT00227,SA71d2e155a1,2023-12-12T07:26:27,,0,,
16308af0b942,joolrg22@axl,pharmacy,Maharashtra,ENT00228,SA2e27d2d49e,2024-02-14T12:47:59,,0,,
2141e7a4f356,oy54uhy2@okaxis,fuel,Uttar Pradesh,ENT00229,SA69e6973349,2022-04-07T09:08:13,,0,,
4b56c8fa2e38,igty4fjf@oksbi,online_services,Haryana,ENT00230,SA621431c672,2022-08-21T15:24:32,,0,,
7901854b2c13,nnvu9opx@icici,kirana,Uttar Pradesh,ENT00231,SA615897f677,2022-02-04T08:54:37,,0,,
4e75c01f9fb4,1r5rke0y@axl,fuel,Gujarat,ENT00232,SA03e9258eea,2024-03-03T03:49:50,,0,,
1fbf1fcd5cda,ay6d6ofq@icici,kirana,Bihar,ENT00233,SA36c7ea8659,2023-11-04T09:41:43,,0,,
49217212965b,217i20a5@paytm,subscription,Kerala,ENT00234,SA6c82fcab7f,2022-12-08T06:13:33,,0,,
4d8e0d30b810,xbe8x0g8@paytm,restaurant,Telangana,ENT00235,SA716115c81a,2022-08-07T08:34:37,,0,,
155074fd4385,0gz337qo@oksbi,kirana,Delhi,ENT00236,SA515c227638,2021-11-03T07:36:18,,0,,
5dcd09634df3,mr4bz1kx@okaxis,restaurant,Maharashtra,ENT00237,SA2392f8f315,2022-10-21T08:34:50,,0,,
6185b49e5e34,kgsxl0zw@icici,kirana,Maharashtra,ENT00238,SA09128c9a4d,2023-08-02T11:29:40,,0,,
7ff0f55385b0,cjeplu57@oksbi,travel,Bihar,ENT00239,SA5fae3618c5,2022-12-22T05:26:13,,0,,
1619a9cbe9d2,xvggnobv@icici,kirana,West Bengal,ENT00240,SA03297adb0f,2022-07-28T14:17:35,,0,,
288b40ca5675,qlo53w35@oksbi,kirana,Telangana,ENT00241,SA5ede7b44af,2022-01-29T20:13:53,,0,,
283951a5da09,hybbx100@ibl,fuel,Tamil Nadu,ENT00242,SA36eaf234e2,2024-02-24T07:15:17,,0,,
29984dfa866d,2orrl705@paytm,fuel,Haryana,ENT00243,SA196c59afa0,2022-10-14T10:41:35,,0,,
4fbbb32b5f66,18wlwidi@icici,online_services,Gujarat,ENT00244,SA4bb7ed027b,2022-10-27T19:15:08,,0,,
7adefa295e97,ldo8bnl3@axl,pharmacy,Delhi,ENT00245,SA3faf016db1,2022-02-07T20:50:10,,0,,
3547e0bf8c81,0vasrgth@axl,online_services,Kerala,ENT00246,SA4d6ce8a8b7,2022-06-20T08:30:08,,0,,
3a246a549d19,scxn6eij@axl,pharmacy,Haryana,ENT00247,SA08768c8014,2022-09-12T09:41:55,,0,,
1318e3fa6d29,rg6iswbv@ibl,subscription,Telangana,ENT00248,SA4d0235b2b1,2021-12-28T11:17:01,,0,,
5e5c092ab53d,e05xw3dk@axl,utility_biller,West Bengal,ENT00249,SA0ebcd45f92,2022-03-07T23:11:25,,0,,
1f15efdca3e5,cnd2lvul@ybl,electronics,Haryana,ENT00250,SA2cccc618eb,2022-09-12T05:58:04,,0,,
36f576624dab,sl8ent6m@oksbi,kirana,West Bengal,ENT00251,SA731b6f8241,2023-11-24T21:16:51,,0,,
72c0f59fa75a,1mrdai42@oksbi,pharmacy,Haryana,ENT00252,SA6ef835e2a8,2022-09-26T08:57:06,,0,,
11142c6e30b7,4irp17ig@axl,fuel,Uttar Pradesh,ENT00253,SA18b138d7bf,2022-12-23T08:39:50,,0,,
2c05a48e67c4,x8e3cry1@okaxis,kirana,Uttar Pradesh,ENT00254,SA6515b41a56,2023-06-03T07:14:52,,0,,
39dc63eef666,s0fxuje5@ybl,subscription,Haryana,ENT00255,SA0af2894f09,2023-04-19T01:13:31,,0,,
1d7cff6c08ed,3i2nrjte@axl,kirana,Kerala,ENT00256,SA01da0ee07f,2023-06-23T04:41:21,,0,,
3de4082eeb6b,qlkhbesl@okaxis,travel,Karnataka,ENT00257,SA411a4166db,2022-11-08T03:37:19,,0,,
7af4fa0e6f69,1q2ix7g4@paytm,restaurant,Delhi,ENT00258,SA5af4b6b146,2023-11-13T07:03:53,,0,,
4377b62873d1,igptagmz@icici,travel,Kerala,ENT00259,SA2231e5fbfe,2024-01-10T02:56:49,,0,,
55d28623cda4,26trhrqf@icici,online_services,Rajasthan,ENT00260,SA20e0c8ac60,2022-01-18T13:10:06,,0,,
4c6b531ee064,l68xlmpo@okaxis,utility_biller,Tamil Nadu,ENT00261,SA11d17c6521,2023-10-17T07:52:01,,0,,
11181c9d78cb,u32tjxws@ibl,pharmacy,Delhi,ENT00262,SA4905b0aabe,2021-12-17T00:51:02,,0,,
420dc23e5f62,pclj5azo@paytm,pharmacy,Haryana,ENT00263,SA499bda9232,2024-03-13T13:23:52,,0,,
049e71be6ba8,pcq5ek0y@oksbi,pharmacy,Uttar Pradesh,ENT00264,SA739c6142aa,2023-07-31T05:22:10,,0,,
422eacbb8575,auxd34ka@ibl,travel,Tamil Nadu,ENT00265,SA16b89928f2,2023-08-26T01:42:14,,0,,
5ba472b897f0,opepye4s@oksbi,fuel,Tamil Nadu,ENT00266,SA5480269c22,2022-08-01T04:34:16,,0,,
4ff0a125b90f,th73wz0z@axl,pharmacy,Telangana,ENT00267,SA1993e96ae5,2023-08-11T23:29:05,,0,,
7a7eced0d3f3,pexf8jmg@okaxis,online_services,Tamil Nadu,ENT00268,SA716f1688ad,2024-02-20T03:08:37,,0,,
6803eacabe99,4d89dgu2@ibl,online_services,Tamil Nadu,ENT00269,SA2150b00e4d,2023-05-26T06:07:04,,0,,
7786fa4ecb51,zb3fcdys@oksbi,subscription,Haryana,ENT00270,SA0be6d32a2d,2024-03-08T20:31:15,,0,,
072119fb2f81,jxe39zvi@okaxis,restaurant,Bihar,ENT00271,SA04c84b2d44,2022-05-31T16:27:06,,0,,
1ca794e00c4f,y2dzi5ru@okaxis,fuel,Gujarat,ENT00272,SA3f822773b3,2022-03-16T20:10:56,,0,,
51ce1125f65c,8hun4wgu@ibl,education,Bihar,ENT00273,SA38ad783d2d,2022-03-12T04:20:45,,0,,
2b7ae5050a4d,36u9n8k7@axl,subscription,Bihar,ENT00274,SA29047d0fa5,2023-09-14T09:51:45,,0,,
7d81c905f4c1,7fi25ayy@paytm,utility_biller,Gujarat,ENT00275,SA30747be45a,2022-01-28T10:26:46,,0,,
62c8b5c1eae9,kry8awqs@oksbi,kirana,Kerala,ENT00276,SA6668f452fb,2021-10-15T04:28:20,,0,,
0725154433f1,bejm3cmf@ybl,kirana,Rajasthan,ENT00277,SA2b0c3d0c32,2021-10-07T04:19:14,,0,,
578cd0de1c61,1nbwiofu@okaxis,restaurant,Telangana,ENT00278,SA787eb034c3,2023-04-25T17:28:32,,0,,
04751ae59323,oter8u3s@okaxis,kirana,Uttar Pradesh,ENT00279,SA37cc1bde93,2023-11-23T21:25:46,,0,,
6cc7323ac6d8,vj5a44oc@okaxis,travel,Gujarat,ENT00280,SA2de8c2df8d,2024-02-27T04:31:58,,0,,
663473dc643e,azbz7qlr@icici,subscription,Tamil Nadu,ENT00281,SA5b69836d7d,2022-02-15T15:16:25,,0,,
149201b289ea,0xfoa3l9@axl,pharmacy,Rajasthan,ENT00282,SA5962304b41,2024-02-13T22:53:23,,0,,
6e78d41bfe56,3izyt2cw@okaxis,online_services,Rajasthan,ENT00283,SA03c3d63f1d,2023-08-09T02:32:25,,0,,
1adf8efd1610,dqcbvqbh@axl,education,Kerala,ENT00284,SA0377d6650e,2022-10-12T03:27:11,,0,,
19a849472d1b,6sy566tu@ibl,utility_biller,Delhi,ENT00285,SA3ec2dbe0cb,2023-08-30T22:14:33,,0,,
7dcb0a1f152b,e0mwrmzu@paytm,pharmacy,Gujarat,ENT00286,SA79d992b315,2022-11-13T06:25:20,,0,,
7dff83e5c572,ruaeshmi@icici,pharmacy,Bihar,ENT00287,SA4e75021d72,2024-02-10T00:21:37,,0,,
4c9355bdf068,6prf1fr0@icici,online_services,Haryana,ENT00288,SA477827593c,2023-08-02T19:35:57,,0,,
5e769d741778,kvttppyb@paytm,fuel,West Bengal,ENT00289,SA303d33eb7b,2022-11-30T23:01:18,,0,,
34e1016a8de5,g1o96u21@ybl,pharmacy,Karnataka,ENT00290,SA34a5c1b7b5,2024-03-16T18:27:05,,0,,
634690700829,5qmtssjk@paytm,subscription,Gujarat,ENT00291,SA2b016e9570,2022-08-14T05:40:49,,0,,
27520c49e948,vyh3ie40@ybl,kirana,Haryana,ENT00292,SA54d7e035ea,2022-07-14T21:58:00,,0,,
2938f54e7b39,fuw5ajmk@ybl,pharmacy,Rajasthan,ENT00293,SA6d8fba7c79,2023-03-07T18:40:41,,0,,
4c1daff300ab,ine0zuew@axl,pharmacy,West Bengal,ENT00294,SA6071d47a3f,2021-11-03T23:45:23,,0,,
75fd0be4b2c4,udbnht6c@ibl,electronics,Telangana,ENT00295,SA238b6da250,2023-11-15T18:47:40,,0,,
002b37551362,7gl30dpc@ybl,online_services,Tamil Nadu,ENT00296,SA6f8a95ffa1,2022-04-14T19:13:48,,0,,
07a876ab39d7,zdijovbe@oksbi,travel,Kerala,ENT00297,SA2699b28c3b,2021-10-26T23:37:25,,0,,
5be02b242add,881w6cv2@axl,utility_biller,Tamil Nadu,ENT00298,SA491ed7f12b,2023-02-18T02:02:25,,0,,
0fc3186df001,1b4xgjrk@ibl,utility_biller,Karnataka,ENT00299,SA05ccb5f443,2023-11-19T20:37:46,,0,,
601d57f42245,29jz3335@ybl,travel,Haryana,ENT00300,SA14fad79522,2022-03-02T21:45:14,,0,,
67e173269c31,n1zwr3ep@paytm,education,Delhi,ENT00301,SA5aaf8d24f1,2022-03-13T11:57:41,,0,,
2fa3e5f9df97,5jttdlu6@axl,kirana,Delhi,ENT00302,SA5033734d8e,2021-11-17T17:08:56,,0,,
141fe5cace9e,c377mz26@ibl,kirana,Delhi,ENT00303,SA18890e4a04,2023-01-02T06:44:49,,0,,
16219c63288b,b29t7yis@paytm,kirana,Delhi,ENT00304,SA3e554d9197,2023-05-18T18:29:43,,0,,
25342984f1e3,p84qtzox@axl,pharmacy,West Bengal,ENT00305,SA14c77a464e,2022-10-22T16:14:35,,0,,
1a7aef9d586b,082jh3eq@okaxis,pharmacy,Bihar,ENT00306,SA4762cdb98e,2024-02-26T06:46:03,,0,,
444a4a1c6162,05f7aldn@okaxis,travel,Delhi,ENT00307,SA0cc1f72960,2023-12-07T03:44:13,,0,,
46d6ec720ace,tmbjoba1@oksbi,kirana,Haryana,ENT00308,SA2e6d18f9a6,2024-03-12T01:46:17,,0,,
634e2942c84b,3xxnlmdz@oksbi,kirana,Tamil Nadu,ENT00309,SA0755188018,2022-10-03T09:52:53,,0,,
1ebf656a743c,gr1yv4qr@icici,education,Rajasthan,ENT00310,SA510d62d6cb,2022-01-23T12:16:52,,0,,
3a5c20bb6d68,89egkjjb@ibl,online_services,Uttar Pradesh,ENT00311,SA09704f6d71,2023-09-06T19:15:28,,0,,
09ba1fcf9dfc,0y7stj34@paytm,restaurant,Rajasthan,ENT00312,SA7a0a0b8168,2022-07-13T13:17:00,,0,,
391ada5877f6,zwsuxism@oksbi,kirana,Gujarat,ENT00313,SA4f1f6cbecc,2023-12-23T05:14:50,,0,,
1cdb09492f1a,tna0ens0@icici,kirana,Haryana,ENT00314,SA2cd0701594,2022-10-23T03:49:24,,0,,
5e83d036b754,abh6teub@okaxis,kirana,Gujarat,ENT00315,SA332764da62,2023-11-20T00:25:07,,0,,
4d56d764ed3b,3zsw3imq@ybl,online_services,Delhi,ENT00316,SA77cb7cb855,2023-02-24T01:24:04,,0,,
6a2b9baa3e4a,w3t7vm2v@ibl,subscription,Uttar Pradesh,ENT00317,SA4bf874ddb2,2022-08-06T15:19:54,,0,,
4ea85cd4d0ed,pknkq2sj@oksbi,travel,Delhi,ENT00318,SA173f254b85,2023-11-10T22:24:37,,0,,
5b160f950bae,a8ydp5it@oksbi,fuel,Rajasthan,ENT00319,SA13c7e02679,2021-12-02T02:44:50,,0,,
6a99c0b06944,b2bml6wm@axl,fuel,Kerala,ENT00320,SA395d51973b,2022-08-06T10:33:38,,0,,
101b4ca8da44,fjq9i4on@oksbi,fuel,Kerala,ENT00321,SA217088a56f,2022-01-14T15:35:11,,0,,
20a640b3c898,ktwa7owc@axl,online_services,Gujarat,ENT00322,SA32b808ec33,2023-09-30T00:05:10,,0,,
7e14bac0ddf9,ck9nbjoe@paytm,pharmacy,Delhi,ENT00323,SA03c795db3f,2024-03-09T20:34:31,,0,,
331b1884f15d,vg1183nd@paytm,online_services,Gujarat,ENT00324,SA6f5ca44104,2022-01-13T06:05:48,,0,,
458ff000cbbf,7cth4lcd@oksbi,online_services,Bihar,ENT00325,SA410ee06298,2023-09-19T01:26:36,,0,,
7d698faeec22,v5v50lzv@okaxis,kirana,Bihar,ENT00326,SA2e55f4c24e,2022-03-20T13:25:06,,0,,
38604c1883b9,jrvqg506@paytm,online_services,Delhi,ENT00327,SA1aedf2ac5a,2023-02-14T14:31:58,,0,,
5829cbe91a80,u2ibu3gj@ybl,kirana,Tamil Nadu,ENT00328,SA7d02d70452,2024-02-12T10:38:40,,0,,
44235e64dc7a,64ozsepf@oksbi,restaurant,Gujarat,ENT00329,SA70bdf68ffc,2022-04-12T09:48:35,,0,,
61fd55bc2f80,a9vyj4uo@axl,travel,Haryana,ENT00330,SA0a406c53c3,2022-03-08T03:56:24,,0,,
6bc37569495f,qazvv9gs@axl,kirana,Gujarat,ENT00331,SA022cee3694,2022-06-06T05:02:18,,0,,
2fb3f0a29fbc,qvrf3ie9@ibl,kirana,West Bengal,ENT00332,SA24eba81ae8,2023-05-23T22:23:30,,0,,
7406628e1d5c,b3j5svgn@okaxis,kirana,Kerala,ENT00333,SA55bf72381f,2021-10-07T16:26:23,,0,,
62244fbd6802,qzief82l@ibl,electronics,Kerala,ENT00334,SA6998564361,2022-06-22T13:07:43,,0,,
614dcb8e1d44,eqnj3abe@icici,restaurant,Kerala,ENT00335,SA3d3fcfae2e,2024-01-08T03:31:07,,0,,
0de0e5be7e7f,x0c4450p@paytm,kirana,Kerala,ENT00336,SA6773285e7d,2021-11-10T03:43:02,,0,,
1f4e46643f14,3pkkw8yr@paytm,restaurant,Gujarat,ENT00337,SA249133ffa3,2024-02-27T17:11:30,,0,,
154a997ed51c,iwtfmt30@oksbi,kirana,Haryana,ENT00338,SA269a627fa0,2022-06-20T15:57:03,,0,,
306654affc0e,ox5tswq1@okaxis,online_services,West Bengal,ENT00339,SA5a64c11b82,2023-07-20T07:21:19,,0,,
2ec485c45731,p69r03qr@okaxis,pharmacy,Uttar Pradesh,ENT00340,SA7566920a3b,2024-01-13T18:22:04,,0,,
323375f290db,vqd1xl13@ibl,fuel,Rajasthan,ENT00341,SA381a49da3e,2023-01-19T19:40:24,,0,,
1df50a6c8918,vxypfpa7@axl,electronics,Delhi,ENT00342,SA070ed6a769,2024-01-11T13:16:15,,0,,
2287b885729d,exdx9mlj@oksbi,education,Karnataka,ENT00343,SA227aee8ffe,2022-01-26T03:18:25,,0,,
2237459ffe04,915weywz@okaxis,pharmacy,Kerala,ENT00344,SA2b4fef7fdd,2022-05-24T07:45:40,,0,,
3dad694ff1fd,xlototkv@oksbi,kirana,West Bengal,ENT00345,SA0e6e6ed170,2022-12-01T05:05:07,,0,,
5c77c73485f4,df7q3fsa@ybl,restaurant,Tamil Nadu,ENT00346,SA2c554951db,2022-11-16T01:54:13,,0,,
527dce0e51a5,nn1uacli@paytm,restaurant,Haryana,ENT00347,SA1f8a9a42a8,2024-01-11T12:28:10,,0,,
684bcf166c1e,kv4cpv50@icici,restaurant,Kerala,ENT00348,SA09820eb23e,2023-02-08T01:29:49,,0,,
4da05791a408,o93p5qmu@ibl,online_services,Karnataka,ENT00349,SA10e0e842d1,2024-02-25T13:38:46,,0,,
068d3a0e29d6,6oe2ing3@ybl,restaurant,Gujarat,ENT00350,SA1a1a504321,2021-10-24T13:10:19,,0,,
184d418edfec,e4p7t5wb@oksbi,kirana,Haryana,ENT00351,SA5a0d1ca242,2023-06-25T06:02:14,,0,,
48e58d7747c6,wdstppm0@okaxis,utility_biller,Rajasthan,ENT00352,SA5bbc236bed,2022-06-11T02:13:55,,0,,
436694ca4ae7,s85s9d7t@ibl,kirana,Rajasthan,ENT00353,SA62f53de8a3,2023-01-10T14:03:09,,0,,
1e30aaf5adb8,3fihre6m@paytm,subscription,Kerala,ENT00354,SA09fbc68c2f,2022-04-07T06:50:48,,0,,
66983e1e91ce,xh7mt8c2@icici,education,Gujarat,ENT00355,SA019a8db3a7,2021-12-09T21:51:57,,0,,
45551e977f73,md35thxn@ibl,electronics,Gujarat,ENT00356,SA06d5f5d7ff,2021-11-05T23:40:37,,0,,
3fd37eeebeb0,2kjy9nug@ibl,education,Karnataka,ENT00357,SA0a505d59c7,2022-09-12T10:46:44,,0,,
60bc237ac66a,b4h2mt6k@ybl,electronics,Bihar,ENT00358,SA1fb1338d19,2023-11-15T18:37:24,,0,,
08140f845fae,shapfqzx@okaxis,kirana,Tamil Nadu,ENT00359,SA79065e6766,2022-11-04T09:18:54,,0,,
6df58547a98a,3rx1pt60@paytm,restaurant,Delhi,ENT00360,SA2f2aca1d73,2024-02-07T23:00:08,,0,,
70a0c9c0f51b,yma4bs4i@axl,restaurant,Maharashtra,ENT00361,SA7f1a771127,2023-08-24T00:49:41,,0,,
0e2c52fe0f61,ea37bk0m@ybl,electronics,Telangana,ENT00362,SA7a5e9b7811,2023-10-25T04:01:12,,0,,
09805b931ea6,pljyq576@paytm,utility_biller,Bihar,ENT00363,SA2d41f9daac,2024-03-07T13:25:08,,0,,
15158bfd9cd5,35oo800g@axl,fuel,Maharashtra,ENT00364,SA5e60291627,2022-02-16T14:26:45,,0,,
09fcf329de3b,19r16xyo@ibl,kirana,Telangana,ENT00365,SA235a474562,2024-03-15T09:20:59,,0,,
673acd5d1161,nxwn69sy@ybl,utility_biller,Uttar Pradesh,ENT00366,SA1dc3019c59,2022-11-11T12:20:03,,0,,
2569a0f51294,2n1fd6eh@okaxis,utility_biller,Delhi,ENT00367,SA4ea8a7945a,2023-06-15T20:51:37,,0,,
5744dbe730f0,gz2hljcw@icici,online_services,Gujarat,ENT00368,SA2fa18fb0c3,2022-12-24T03:37:26,,0,,
09f6cd55cca3,vy0bzmbk@icici,utility_biller,Maharashtra,ENT00369,SA774e570d92,2022-10-02T06:00:21,,0,,
3db56b8fcc1a,6qqglqsn@ybl,kirana,Kerala,ENT00370,SA2b4e5f8935,2022-02-15T05:18:28,,0,,
7f23099aaac2,l2y5ml7u@okaxis,electronics,Tamil Nadu,ENT00371,SA4fd396ae47,2022-04-11T06:20:06,,0,,
30595689af87,glknheur@ybl,utility_biller,Uttar Pradesh,ENT00372,SA4a58e2efb0,2023-12-13T22:45:24,,0,,
56a0820f5aa2,rezcxblo@ybl,kirana,Bihar,ENT00373,SA37247306c3,2024-01-05T10:23:28,,0,,
694d71c69d67,3ekdg93g@ibl,utility_biller,West Bengal,ENT00374,SA575ffe39b5,2022-02-22T16:55:00,,0,,
2602b9c6b2e9,ph197ll9@okaxis,education,Uttar Pradesh,ENT00375,SA23706cfc7e,2021-12-16T01:52:03,,0,,
299183d2fdeb,7aqw53xu@ibl,kirana,Gujarat,ENT00376,SA1920519280,2022-01-07T04:22:57,,0,,
6d2b64597bfa,cbedvwoq@paytm,electronics,West Bengal,ENT00377,SA7cbf973f08,2022-02-18T03:19:22,,0,,
3a6d68f3644e,pj972y76@paytm,utility_biller,Tamil Nadu,ENT00378,SA25619e7ef4,2024-02-27T21:31:12,,0,,
05ed8bfa20fa,xdbulq42@ybl,electronics,Uttar Pradesh,ENT00379,SA1defd169f7,2023-12-31T15:23:37,,0,,
3a6576ce966b,nfinlogb@axl,utility_biller,Karnataka,ENT00380,SA66a7abea96,2023-05-19T05:46:02,,0,,
75ae9462a35b,zi9wb57l@oksbi,kirana,Karnataka,ENT00381,SA399a63f9bd,2023-10-22T23:31:38,,0,,
1a844a765f71,a96h8jhl@icici,electronics,Bihar,ENT-F7e1422,SA23b77573ff,2024-02-01T20:11:13,,1,S1,P01
2b82aa5ea59a,4icu7uof@ybl,kirana,Bihar,ENT-F016924,SA3aac98cf51,2024-02-27T07:18:23,,1,S1,P02
24c60fcd6586,w7jsee73@icici,restaurant,Delhi,ENT-F39f45b,SA72f1cf89c3,2024-02-29T14:47:15,,1,S1,P02
6a6931f5db71,n2tsmt3x@oksbi,pharmacy,Maharashtra,ENT-F323b47,SA5980662fc1,2024-02-21T17:53:58,,1,S1,P03
035b357593ad,8ozxmxrl@oksbi,online_services,Delhi,ENT-F6fbfca,SA783979bd3c,2024-03-06T23:59:49,,1,S1,P03
16c1be31df12,418c9omu@icici,subscription,Haryana,ENT-F38751e,SA5f3b9eaf20,2024-02-24T01:03:24,,1,S2+S3,P04
72794fcfc666,p7tk7mqo@ibl,travel,Gujarat,ENT-F3871ea,SA5f3b9eaf20,2024-02-05T20:19:52,,1,S3-front,P04
30b1e33074f5,itejkhiu@okaxis,online_services,Rajasthan,ENT-F7c390a,SA5f3b9eaf20,2024-02-13T14:06:24,,1,S3-front,P04
7691b86bc7a7,d2dflh2p@paytm,fuel,Tamil Nadu,ENT-F67d8eb,SA5f3b9eaf20,2024-02-25T16:26:13,,1,S3-front,P04
44e0c7bd5032,jlfojur6@paytm,pharmacy,Kerala,ENT-F336090,SA4c25e53305,2024-02-14T22:28:33,,1,S1+S3,P05
1b5e47639c7a,9jlugmkv@icici,fuel,Rajasthan,ENT-F15dc93,SA4c25e53305,2024-02-28T17:36:35,,1,S3-front,P05
60722c988afe,w8k6krdx@oksbi,travel,Maharashtra,ENT-F70a951,SA4c25e53305,2024-02-10T09:40:04,,1,S3-front,P05
57c10fd5b9d3,ctec665r@icici,online_services,West Bengal,ENT-F7f0315,SA0a0e244757,2024-03-02T04:37:45,,1,S2+S3,P06
578d80432b99,f98wor12@ibl,online_services,Maharashtra,ENT-F04a597,SA0a0e244757,2024-03-07T10:57:33,,1,S1+S3,P06
2edb6333f480,bflr4omr@icici,fuel,Gujarat,ENT-F64d6aa,SA0a0e244757,2024-02-29T19:07:16,,1,S3-front,P06
36b0d149e81a,bhodqfds@oksbi,restaurant,Maharashtra,ENT-F3fdbcd,SA19b422aeab,2024-02-25T08:24:55,,1,S1+S3,P07
78574b410561,sncswj6b@paytm,kirana,Haryana,ENT-F689a2c,SA19b422aeab,2024-03-10T07:37:27,,1,S3-front,P07
7bb037e2f773,i2anpwbx@axl,travel,Bihar,ENT-F672e48,SA19b422aeab,2024-02-19T20:59:30,,1,S3-front,P07
071280a45ec9,b5torna7@icici,subscription,Uttar Pradesh,ENT-F513d8c,SA75afdd0300,2024-02-28T01:39:13,,1,S2,P08
71f27c3667bf,uhml9mep@icici,electronics,West Bengal,ENT-F6f6859,SA1d6232d03c,2024-02-27T23:17:05,,1,S1,P09
3850ccda117d,z95dgj5a@axl,subscription,West Bengal,ENT-F35dcd5,SA3b0fb5e9c6,2024-03-15T23:54:19,,1,S2,P09
1c30ffd0220b,eu6owc2n@ybl,utility_biller,Telangana,ENT-F633f87,SA79654d1421,2024-03-15T06:44:58,,1,S2,P10
0c0bfac4a809,bpyf9wyw@icici,kirana,Rajasthan,ENT-F5a5fb8,SA174825acc8,2024-02-28T20:52:24,,1,S1,P10
